Dataset,Class,Camera,Direction facing,Sex,Driver,Number of pics,Start file,End file
test,c0,1,Right,M,1,104,000.jpg,00117.jpg
test,c0,1,Right,M,2,36,00118.jpg,00157.jpg
test,c0,1,Right,M,3,43,00245.jpg,00321.jpg
test,c0,1,Right,F,4,83,00322.jpg,00415.jpg
test,c0,2,Left,F,5,1,10794.jpg,10794.jpg
test,c0,2,Left,M,7,20,106337.jpg,106841.jpg
test,c0,2,Left,F,5,39,107142.jpg,109694.jpg
test,c0,2,Left,M,6,20,1013278.jpg,1013798.jpg
test,c1,1,Right,M,1,95,016.jpg,0361.jpg
test,c1,1,Right,M,2,56,0370.jpg,01137.jpg
test,c1,1,Right,M,3,50,01143.jpg,01192.jpg
test,c1,1,Right,M,2,11,03100.jpg,03112.jpg
test,c1,1,Right,M,3,21,03125.jpg,03145.jpg
test,c1,2,Left,M,7,3,116899.jpg,116999.jpg
test,c1,2,Left,F,5,8,117967.jpg,119990.jpg
test,c1,2,Left,M,6,2,1113956.jpg,1113984.jpg
test,c1,2,Left,M,7,17,1161063.jpg,1161791.jpg
test,c1,2,Left,F,5,32,1171016.jpg,1191350.jpg
test,c1,2,Left,M,7,20,1362685.jpg,1363497.jpg
test,c1,2,Left,F,5,40,1372687.jpg,1393310.jpg
test,c1,2,Left,M,6,38,11131020.jpg,13133438.jpg
test,c2,1,Right,M,1,58,024.jpg,0256.jpg
test,c2,1,Right,M,2,29,0271.jpg,0299.jpg
test,c2,1,Right,M,1,31,0410.jpg,0440.jpg
test,c2,1,Right,M,2,37,0449.jpg,0485.jpg
test,c2,1,Right,M,3,10,0490.jpg,0499.jpg
test,c2,1,Right,M,2,12,02100.jpg,02111.jpg
test,c2,1,Right,M,3,27,02114.jpg,04106.jpg
test,c2,2,Left,M,7,20,1261795.jpg,1262671.jpg
test,c2,2,Left,F,5,40,1271791.jpg,1292513.jpg
test,c2,2,Left,M,7,20,1463585.jpg,1464445.jpg
test,c2,2,Left,F,5,40,1473582.jpg,1494168.jpg
test,c2,2,Left,M,6,40,12131795.jpg,14134235.jpg
test,c3,1,Right,M,1,28,056.jpg,0533.jpg
test,c3,1,Right,M,2,30,0547.jpg,0576.jpg
test,c3,1,Right,M,3,32,0594.jpg,05125.jpg
test,c3,2,Left,M,7,20,1564483.jpg,1565343.jpg
test,c3,2,Left,F,5,40,1574470.jpg,1595143.jpg
test,c3,2,Left,M,6,20,15134568.jpg,15135336.jpg
test,c4,1,Right,M,1,19,0628.jpg,0657.jpg
test,c4,1,Right,M,2,29,0676.jpg,06104.jpg
test,c4,1,Right,M,3,15,06113.jpg,06127.jpg
test,c4,2,Left,M,7,20,1665378.jpg,1666258.jpg
test,c4,2,Left,F,5,40,1675382.jpg,1696219.jpg
test,c4,2,Left,M,6,20,16135380.jpg,16136244.jpg
test,c5,1,Right,M,1,25,078.jpg,0732.jpg
test,c5,1,Right,M,2,25,0741.jpg,0765.jpg
test,c5,1,Right,M,3,13,0779.jpg,0791.jpg
test,c5,2,Left,M,7,20,1766275.jpg,1767010.jpg
test,c5,2,Left,F,5,40,1776257.jpg,1797171.jpg
test,c5,2,Left,M,6,20,17136318.jpg,17136878.jpg
test,c6,1,Right,M,1,39,084.jpg,0842.jpg
test,c6,1,Right,M,2,17,0858.jpg,0874.jpg
test,c6,1,Right,M,3,10,0890.jpg,08113.jpg
test,c6,2,Left,M,7,20,1867181.jpg,1867940.jpg
test,c6,2,Left,F,5,40,1877154.jpg,1897667.jpg
test,c6,2,Left,M,6,20,18137133.jpg,18137685.jpg
test,c7,1,Right,M,1,40,090.jpg,0957.jpg
test,c7,1,Right,M,2,38,0966.jpg,09103.jpg
test,c7,1,Right,M,3,60,09104.jpg,09187.jpg
test,c7,2,Left,M,7,20,1968067.jpg,1968883.jpg
test,c7,2,Left,F,5,40,1978065.jpg,1998499.jpg
test,c7,2,Left,M,6,20,19138005.jpg,19138865.jpg
train,c0,1,Right,M,8,125,00416.jpg,00551.jpg
train,c0,1,Right,F,9,72,00555.jpg,00633.jpg
train,c0,1,Right,M,10,55,00637.jpg,00710.jpg
train,c0,1,Right,M,11,77,00711.jpg,00805.jpg
train,c0,1,Right,M,12,30,00811.jpg,00845.jpg
train,c0,1,Right,M,13,94,00852.jpg,00959.jpg
train,c0,1,Right,F,14,132,00961.jpg,001138.jpg
train,c0,1,Right,M,15,190,001141.jpg,001359.jpg
train,c0,1,Right,M,16,44,001373.jpg,001436.jpg
train,c0,1,Right,F,17,149,001437.jpg,001588.jpg
train,c0,1,Right,M,18,99,001589.jpg,001696.jpg
train,c0,1,Right,F,19,83,001705.jpg,001819.jpg
train,c0,1,Right,M,20,87,001820.jpg,001919.jpg
train,c0,1,Right,M,21,99,001920.jpg,002089.jpg
train,c0,1,Right,M,22,85,002090.jpg,002191.jpg
train,c0,1,Right,M,23,51,002196.jpg,002303.jpg
train,c0,1,Right,F,24,65,002304.jpg,002403.jpg
train,c0,1,Right,F,25,145,002404.jpg,002555.jpg
train,c0,1,Right,F,26,149,002561.jpg,002728.jpg
train,c0,1,Right,M,27,76,002940.jpg,003032.jpg
train,c0,1,Right,M,28,75,003033.jpg,003135.jpg
train,c0,1,Right,F,29,126,003136.jpg,003262.jpg
train,c0,1,Right,M,30,71,003265.jpg,003338.jpg
train,c0,1,Right,M,31,102,003396.jpg,003501.jpg
train,c0,1,Right,M,32,56,003507.jpg,003572.jpg
train,c0,1,Right,M,33,103,003573.jpg,003685.jpg
train,c0,2,Left,M,44,1,10173.jpg,10173.jpg
train,c0,2,Left,M,35,1,10266.jpg,10266.jpg
train,c0,2,Left,F,36,1,10378.jpg,10378.jpg
train,c0,2,Left,F,37,2,10458.jpg,10490.jpg
train,c0,2,Left,M,38,1,10870.jpg,10870.jpg
train,c0,2,Left,F,39,15,100190.jpg,100833.jpg
train,c0,2,Left,M,40,3,101042.jpg,101074.jpg
train,c0,2,Left,M,44,3,101114.jpg,101254.jpg
train,c0,2,Left,F,41,1,101294.jpg,101294.jpg
train,c0,2,Left,M,44,16,101326.jpg,101893.jpg
train,c0,2,Left,M,35,19,102114.jpg,102896.jpg
train,c0,2,Left,F,36,19,103109.jpg,103774.jpg
train,c0,2,Left,F,37,18,104113.jpg,104895.jpg
train,c0,2,Left,M,42,20,105193.jpg,105785.jpg
train,c0,2,Left,M,38,19,108126.jpg,108894.jpg
train,c0,2,Left,F,39,5,1001163.jpg,1001786.jpg
train,c0,2,Left,M,40,17,1010102.jpg,1010610.jpg
train,c0,2,Left,F,43,20,1011122.jpg,1011897.jpg
train,c0,2,Left,F,41,19,1012134.jpg,1012890.jpg
train,c1,1,Right,F,4,47,01200.jpg,01246.jpg
train,c1,1,Right,M,8,33,01272.jpg,01304.jpg
train,c1,1,Right,F,9,73,01317.jpg,01389.jpg
train,c1,1,Right,M,10,40,01399.jpg,01438.jpg
train,c1,1,Right,M,11,27,01449.jpg,01475.jpg
train,c1,1,Right,M,12,50,01484.jpg,01533.jpg
train,c1,1,Right,M,13,88,01536.jpg,01623.jpg
train,c1,1,Right,F,14,42,01638.jpg,01679.jpg
train,c1,1,Right,M,15,37,01692.jpg,01728.jpg
train,c1,1,Right,M,16,34,01750.jpg,01783.jpg
train,c1,1,Right,F,17,59,01795.jpg,01868.jpg
train,c1,1,Right,M,18,31,01897.jpg,01927.jpg
train,c1,1,Right,F,19,34,01934.jpg,01973.jpg
train,c1,1,Right,M,20,19,01981.jpg,01999.jpg
train,c1,1,Right,F,4,27,03161.jpg,03187.jpg
train,c1,1,Right,M,8,18,03196.jpg,03213.jpg
train,c1,1,Right,F,9,31,03220.jpg,03250.jpg
train,c1,1,Right,M,10,16,03256.jpg,03271.jpg
train,c1,1,Right,M,11,27,03282.jpg,03308.jpg
train,c1,1,Right,M,12,28,03318.jpg,03345.jpg
train,c1,1,Right,M,13,47,03350.jpg,03396.jpg
train,c1,1,Right,F,14,25,03402.jpg,03426.jpg
train,c1,1,Right,M,15,23,03433.jpg,03455.jpg
train,c1,1,Right,M,16,39,03463.jpg,03501.jpg
train,c1,1,Right,F,17,37,03520.jpg,03556.jpg
train,c1,1,Right,M,18,4,03576.jpg,03579.jpg
train,c1,1,Right,F,19,21,03586.jpg,03606.jpg
train,c1,1,Right,M,20,35,03612.jpg,03646.jpg
train,c1,1,Right,M,21,31,03653.jpg,03711.jpg
train,c1,1,Right,M,22,24,03756.jpg,03779.jpg
train,c1,1,Right,M,23,16,03788.jpg,03803.jpg
train,c1,1,Right,F,24,33,03814.jpg,03846.jpg
train,c1,1,Right,F,25,40,03853.jpg,03892.jpg
train,c1,1,Right,F,26,53,03913.jpg,03965.jpg
train,c1,1,Right,M,20,35,011000.jpg,011034.jpg
train,c1,1,Right,M,21,73,011053.jpg,011129.jpg
train,c1,1,Right,M,22,49,011141.jpg,011190.jpg
train,c1,1,Right,M,23,63,011214.jpg,011276.jpg
train,c1,1,Right,F,24,37,011309.jpg,011345.jpg
train,c1,1,Right,F,25,44,011358.jpg,011401.jpg
train,c1,1,Right,F,26,25,011416.jpg,011440.jpg
train,c1,1,Right,M,34,76,011466.jpg,011543.jpg
train,c1,1,Right,M,27,40,011551.jpg,011590.jpg
train,c1,1,Right,M,28,65,011604.jpg,011668.jpg
train,c1,1,Right,F,29,31,011677.jpg,011707.jpg
train,c1,1,Right,M,30,43,011752.jpg,011794.jpg
train,c1,1,Right,M,31,52,011816.jpg,011876.jpg
train,c1,1,Right,M,32,23,011895.jpg,011917.jpg
train,c1,1,Right,M,33,35,011932.jpg,011966.jpg
train,c1,1,Right,M,27,24,031044.jpg,031067.jpg
train,c1,1,Right,M,28,22,031077.jpg,031098.jpg
train,c1,1,Right,F,29,51,031103.jpg,031153.jpg
train,c1,1,Right,M,30,26,031166.jpg,031191.jpg
train,c1,1,Right,M,31,19,031217.jpg,031235.jpg
train,c1,1,Right,M,33,27,031269.jpg,031295.jpg
train,c1,2,Left,M,44,3,111901.jpg,111966.jpg
train,c1,2,Left,M,35,2,112898.jpg,112901.jpg
train,c1,2,Left,F,36,5,113897.jpg,113960.jpg
train,c1,2,Left,F,37,4,114897.jpg,114992.jpg
train,c1,2,Left,M,42,4,115922.jpg,115986.jpg
train,c1,2,Left,M,38,5,118896.jpg,118975.jpg
train,c1,2,Left,F,39,20,1101799.jpg,1102426.jpg
train,c1,2,Left,M,44,17,1111090.jpg,1111673.jpg
train,c1,2,Left,F,41,2,1112894.jpg,1112950.jpg
train,c1,2,Left,M,35,18,1121002.jpg,1121796.jpg
train,c1,2,Left,F,36,15,1131013.jpg,1131661.jpg
train,c1,2,Left,F,37,16,1141021.jpg,1141536.jpg
train,c1,2,Left,M,42,16,1151042.jpg,1151610.jpg
train,c1,2,Left,M,38,15,1181004.jpg,1181583.jpg
train,c1,2,Left,F,39,20,1305397.jpg,1306777.jpg
train,c1,2,Left,M,44,20,1312698.jpg,1313539.jpg
train,c1,2,Left,M,35,20,1322697.jpg,1323596.jpg
train,c1,2,Left,F,36,20,1332692.jpg,1333451.jpg
train,c1,2,Left,F,37,20,1342675.jpg,1343502.jpg
train,c1,2,Left,M,42,20,1352690.jpg,1353534.jpg
train,c1,2,Left,M,38,20,1382692.jpg,1383432.jpg
train,c1,2,Left,M,40,20,11101069.jpg,11101489.jpg
train,c1,2,Left,F,43,20,11111391.jpg,11111763.jpg
train,c1,2,Left,F,41,18,11121014.jpg,11121790.jpg
train,c1,2,Left,M,40,20,13102686.jpg,13103346.jpg
train,c1,2,Left,F,43,20,13112696.jpg,13113384.jpg
train,c1,2,Left,F,41,20,13122712.jpg,13123444.jpg
train,c2,1,Right,F,4,23,02142.jpg,02164.jpg
train,c2,1,Right,M,8,31,02174.jpg,02204.jpg
train,c2,1,Right,F,9,29,02210.jpg,02238.jpg
train,c2,1,Right,M,10,30,02244.jpg,02273.jpg
train,c2,1,Right,M,11,25,02280.jpg,02304.jpg
train,c2,1,Right,M,12,29,02310.jpg,02338.jpg
train,c2,1,Right,M,13,42,02358.jpg,02399.jpg
train,c2,1,Right,F,14,39,02408.jpg,02446.jpg
train,c2,1,Right,M,15,37,02452.jpg,02488.jpg
train,c2,1,Right,M,16,23,02496.jpg,02518.jpg
train,c2,1,Right,F,17,37,02525.jpg,02561.jpg
train,c2,1,Right,M,18,20,02571.jpg,02590.jpg
train,c2,1,Right,F,19,17,02596.jpg,02612.jpg
train,c2,1,Right,M,20,37,02623.jpg,02659.jpg
train,c2,1,Right,M,21,39,02668.jpg,02706.jpg
train,c2,1,Right,M,22,40,02725.jpg,02764.jpg
train,c2,1,Right,M,23,26,02773.jpg,02798.jpg
train,c2,1,Right,F,24,31,02806.jpg,02836.jpg
train,c2,1,Right,F,25,21,02842.jpg,02862.jpg
train,c2,1,Right,F,26,33,02873.jpg,02905.jpg
train,c2,1,Right,M,34,47,02921.jpg,02967.jpg
train,c2,1,Right,M,27,28,02972.jpg,02999.jpg
train,c2,1,Right,F,4,21,04122.jpg,04142.jpg
train,c2,1,Right,M,8,17,04154.jpg,04170.jpg
train,c2,1,Right,F,9,42,04182.jpg,04223.jpg
train,c2,1,Right,M,10,29,04233.jpg,04261.jpg
train,c2,1,Right,M,11,22,04268.jpg,04289.jpg
train,c2,1,Right,M,12,43,04301.jpg,04343.jpg
train,c2,1,Right,M,13,44,04352.jpg,04395.jpg
train,c2,1,Right,F,14,41,04405.jpg,04445.jpg
train,c2,1,Right,M,15,61,04461.jpg,04521.jpg
train,c2,1,Right,M,16,42,04538.jpg,04579.jpg
train,c2,1,Right,F,17,34,04586.jpg,04619.jpg
train,c2,1,Right,M,18,25,04635.jpg,04659.jpg
train,c2,1,Right,F,19,13,04674.jpg,04686.jpg
train,c2,1,Right,M,20,44,04697.jpg,04740.jpg
train,c2,1,Right,M,21,54,04750.jpg,04803.jpg
train,c2,1,Right,M,22,47,04810.jpg,04856.jpg
train,c2,1,Right,M,23,48,04864.jpg,04911.jpg
train,c2,1,Right,F,24,33,04921.jpg,04953.jpg
train,c2,1,Right,F,25,20,04963.jpg,04982.jpg
train,c2,1,Right,F,26,5,04995.jpg,04999.jpg
train,c2,1,Right,M,27,2,021000.jpg,021001.jpg
train,c2,1,Right,M,28,23,021008.jpg,021030.jpg
train,c2,1,Right,F,29,34,021043.jpg,021076.jpg
train,c2,1,Right,M,30,41,021083.jpg,021123.jpg
train,c2,1,Right,M,31,26,021129.jpg,021154.jpg
train,c2,1,Right,M,32,27,021160.jpg,021186.jpg
train,c2,1,Right,M,33,25,021191.jpg,021215.jpg
train,c2,1,Right,F,26,32,041000.jpg,041031.jpg
train,c2,1,Right,M,34,42,041052.jpg,041093.jpg
train,c2,1,Right,M,27,26,041103.jpg,041128.jpg
train,c2,1,Right,M,28,34,041137.jpg,041170.jpg
train,c2,1,Right,F,29,39,041182.jpg,041220.jpg
train,c2,1,Right,M,30,22,041229.jpg,041250.jpg
train,c2,1,Right,M,31,29,041259.jpg,041287.jpg
train,c2,1,Right,M,32,23,041299.jpg,041321.jpg
train,c2,1,Right,M,33,18,041336.jpg,041353.jpg
train,c2,2,Left,F,39,20,1203597.jpg,1204725.jpg
train,c2,2,Left,M,44,20,1211796.jpg,1212644.jpg
train,c2,2,Left,M,35,20,1221798.jpg,1222658.jpg
train,c2,2,Left,F,36,20,1231795.jpg,1232663.jpg
train,c2,2,Left,F,37,20,1241800.jpg,1242476.jpg
train,c2,2,Left,M,42,20,1251792.jpg,1252592.jpg
train,c2,2,Left,M,38,20,1281794.jpg,1282550.jpg
train,c2,2,Left,F,39,20,1407389.jpg,1408702.jpg
train,c2,2,Left,M,44,20,1413592.jpg,1414440.jpg
train,c2,2,Left,M,35,20,1423598.jpg,1424490.jpg
train,c2,2,Left,F,36,20,1433589.jpg,1434444.jpg
train,c2,2,Left,F,37,20,1443566.jpg,1444218.jpg
train,c2,2,Left,M,42,20,1453588.jpg,1454304.jpg
train,c2,2,Left,M,38,20,1483575.jpg,1484459.jpg
train,c2,2,Left,M,40,20,12101791.jpg,12102371.jpg
train,c2,2,Left,F,43,20,12111798.jpg,12112502.jpg
train,c2,2,Left,F,41,20,12121794.jpg,12122626.jpg
train,c2,2,Left,M,40,20,14103503.jpg,14104083.jpg
train,c2,2,Left,F,43,20,14113593.jpg,14114325.jpg
train,c2,2,Left,F,41,20,14123587.jpg,14124279.jpg
train,c3,1,Right,F,4,16,05135.jpg,05150.jpg
train,c3,1,Right,M,8,19,05164.jpg,05182.jpg
train,c3,1,Right,F,9,20,05193.jpg,05212.jpg
train,c3,1,Right,M,10,39,05222.jpg,05260.jpg
train,c3,1,Right,M,11,30,05272.jpg,05301.jpg
train,c3,1,Right,M,12,37,05312.jpg,05359.jpg
train,c3,1,Right,M,13,15,05377.jpg,05391.jpg
train,c3,1,Right,F,14,13,05402.jpg,05414.jpg
train,c3,1,Right,M,15,31,05424.jpg,05454.jpg
train,c3,1,Right,M,16,31,05466.jpg,05496.jpg
train,c3,1,Right,F,17,26,05507.jpg,05532.jpg
train,c3,1,Right,M,18,18,05541.jpg,05558.jpg
train,c3,1,Right,F,19,32,05568.jpg,05599.jpg
train,c3,1,Right,M,20,47,05608.jpg,05654.jpg
train,c3,1,Right,M,21,10,05733.jpg,05742.jpg
train,c3,1,Right,M,22,45,05774.jpg,05818.jpg
train,c3,1,Right,F,24,28,05827.jpg,05854.jpg
train,c3,1,Right,F,25,15,05855.jpg,05869.jpg
train,c3,1,Right,F,26,13,05878.jpg,05890.jpg
train,c3,1,Right,M,34,39,05900.jpg,05938.jpg
train,c3,1,Right,M,27,47,05950.jpg,05996.jpg
train,c3,1,Right,M,28,42,051003.jpg,051044.jpg
train,c3,1,Right,F,29,27,051054.jpg,051080.jpg
train,c3,1,Right,M,30,21,051088.jpg,051108.jpg
train,c3,1,Right,M,31,31,051115.jpg,051145.jpg
train,c3,1,Right,M,32,26,051152.jpg,051177.jpg
train,c3,1,Right,M,33,35,051185.jpg,051219.jpg
train,c3,2,Left,F,39,16,1509076.jpg,1509973.jpg
train,c3,2,Left,M,44,20,1514503.jpg,1515387.jpg
train,c3,2,Left,M,35,20,1524524.jpg,1525371.jpg
train,c3,2,Left,F,36,20,1534483.jpg,1535331.jpg
train,c3,2,Left,F,37,20,1544487.jpg,1545239.jpg
train,c3,2,Left,M,42,20,1554482.jpg,1555254.jpg
train,c3,2,Left,M,38,20,1584472.jpg,1585148.jpg
train,c3,2,Left,F,39,4,15010028.jpg,15010177.jpg
train,c3,2,Left,M,40,20,15104528.jpg,15105228.jpg
train,c3,2,Left,F,43,20,15114494.jpg,15115182.jpg
train,c3,2,Left,F,41,20,15124570.jpg,15125158.jpg
train,c4,1,Right,F,4,21,06148.jpg,06184.jpg
train,c4,1,Right,M,8,29,06201.jpg,06229.jpg
train,c4,1,Right,F,9,30,06244.jpg,06273.jpg
train,c4,1,Right,M,10,16,06323.jpg,06346.jpg
train,c4,1,Right,M,11,18,06354.jpg,06371.jpg
train,c4,1,Right,M,12,27,06389.jpg,06424.jpg
train,c4,1,Right,M,13,28,06447.jpg,06474.jpg
train,c4,1,Right,F,14,14,06495.jpg,06508.jpg
train,c4,1,Right,M,15,27,06526.jpg,06558.jpg
train,c4,1,Right,M,16,12,06583.jpg,06594.jpg
train,c4,1,Right,F,17,59,06637.jpg,06703.jpg
train,c4,1,Right,M,18,11,06721.jpg,06731.jpg
train,c4,1,Right,F,19,26,06739.jpg,06764.jpg
train,c4,1,Right,M,20,33,06795.jpg,06827.jpg
train,c4,1,Right,M,21,15,06859.jpg,06873.jpg
train,c4,1,Right,M,22,50,06894.jpg,06943.jpg
train,c4,1,Right,M,23,6,06975.jpg,06980.jpg
train,c4,1,Right,F,24,16,061004.jpg,061019.jpg
train,c4,1,Right,F,25,24,061065.jpg,061114.jpg
train,c4,1,Right,F,26,24,061149.jpg,061172.jpg
train,c4,1,Right,M,34,74,061214.jpg,061287.jpg
train,c4,1,Right,M,27,14,061301.jpg,061314.jpg
train,c4,1,Right,M,28,23,061343.jpg,061365.jpg
train,c4,1,Right,F,29,12,061386.jpg,061397.jpg
train,c4,1,Right,M,30,3,061410.jpg,061412.jpg
train,c4,1,Right,M,31,47,061452.jpg,061498.jpg
train,c4,1,Right,M,32,29,061517.jpg,061545.jpg
train,c4,1,Right,M,33,45,061566.jpg,061610.jpg
train,c4,2,Left,M,44,20,1615390.jpg,1616285.jpg
train,c4,2,Left,M,35,20,1625419.jpg,1626235.jpg
train,c4,2,Left,F,36,20,1635465.jpg,1636270.jpg
train,c4,2,Left,F,37,20,1645359.jpg,1646254.jpg
train,c4,2,Left,M,42,20,1655442.jpg,1656019.jpg
train,c4,2,Left,M,38,20,1685401.jpg,1686196.jpg
train,c4,2,Left,F,39,20,16010507.jpg,16010979.jpg
train,c4,2,Left,M,40,20,16105289.jpg,16105885.jpg
train,c4,2,Left,F,43,20,16115392.jpg,16116244.jpg
train,c4,2,Left,F,41,20,16125439.jpg,16126247.jpg
train,c5,1,Right,F,4,25,07104.jpg,07139.jpg
train,c5,1,Right,M,8,23,07146.jpg,07168.jpg
train,c5,1,Right,F,9,28,07174.jpg,07213.jpg
train,c5,1,Right,M,10,21,07219.jpg,07241.jpg
train,c5,1,Right,M,11,17,07249.jpg,07265.jpg
train,c5,1,Right,M,12,19,07275.jpg,07293.jpg
train,c5,1,Right,M,13,17,07311.jpg,07327.jpg
train,c5,1,Right,F,14,40,07336.jpg,07375.jpg
train,c5,1,Right,M,15,11,07388.jpg,07403.jpg
train,c5,1,Right,M,16,14,07421.jpg,07434.jpg
train,c5,1,Right,F,17,61,07455.jpg,07522.jpg
train,c5,1,Right,M,18,15,07532.jpg,07546.jpg
train,c5,1,Right,F,19,25,07553.jpg,07577.jpg
train,c5,1,Right,M,20,22,07588.jpg,07609.jpg
train,c5,1,Right,M,21,45,07619.jpg,07663.jpg
train,c5,1,Right,M,22,31,07673.jpg,07703.jpg
train,c5,1,Right,M,23,10,07720.jpg,07729.jpg
train,c5,1,Right,F,24,25,07739.jpg,07769.jpg
train,c5,1,Right,F,25,16,07779.jpg,07794.jpg
train,c5,1,Right,F,26,30,07819.jpg,07848.jpg
train,c5,1,Right,M,34,20,07862.jpg,07881.jpg
train,c5,1,Right,M,27,24,07903.jpg,07926.jpg
train,c5,1,Right,M,28,14,07933.jpg,07946.jpg
train,c5,1,Right,M,30,31,07966.jpg,07996.jpg
train,c5,1,Right,M,31,12,071029.jpg,071040.jpg
train,c5,1,Right,M,32,46,071052.jpg,071097.jpg
train,c5,1,Right,M,33,49,071103.jpg,071151.jpg
train,c5,2,Left,M,44,20,1716287.jpg,1717063.jpg
train,c5,2,Left,M,35,20,1726283.jpg,1727035.jpg
train,c5,2,Left,F,36,20,1736320.jpg,1736991.jpg
train,c5,2,Left,F,37,20,1746256.jpg,1746852.jpg
train,c5,2,Left,M,42,20,1756274.jpg,1757070.jpg
train,c5,2,Left,M,38,20,1786254.jpg,1787066.jpg
train,c5,2,Left,F,39,20,17012442.jpg,17013136.jpg
train,c5,2,Left,M,40,20,17106226.jpg,17106926.jpg
train,c5,2,Left,F,43,20,17116286.jpg,17116930.jpg
train,c5,2,Left,F,41,20,17126299.jpg,17126927.jpg
train,c6,1,Right,F,4,25,08134.jpg,08158.jpg
train,c6,1,Right,M,8,29,08163.jpg,08195.jpg
train,c6,1,Right,F,9,13,08206.jpg,08218.jpg
train,c6,1,Right,M,10,22,08261.jpg,08282.jpg
train,c6,1,Right,M,11,17,08285.jpg,08301.jpg
train,c6,1,Right,M,12,26,08307.jpg,08338.jpg
train,c6,1,Right,M,13,23,08357.jpg,08379.jpg
train,c6,1,Right,F,14,45,08389.jpg,08442.jpg
train,c6,1,Right,M,15,32,08459.jpg,08490.jpg
train,c6,1,Right,M,16,20,08520.jpg,08539.jpg
train,c6,1,Right,F,17,20,08555.jpg,08574.jpg
train,c6,1,Right,M,18,15,08585.jpg,08599.jpg
train,c6,1,Right,F,19,21,08605.jpg,08625.jpg
train,c6,1,Right,M,20,20,08636.jpg,08665.jpg
train,c6,1,Right,M,21,24,08671.jpg,08696.jpg
train,c6,1,Right,M,22,42,08704.jpg,08745.jpg
train,c6,1,Right,M,23,14,08748.jpg,08761.jpg
train,c6,1,Right,F,24,32,08766.jpg,08812.jpg
train,c6,1,Right,F,25,20,08818.jpg,08847.jpg
train,c6,1,Right,F,26,28,08857.jpg,08894.jpg
train,c6,1,Right,M,34,34,08903.jpg,08938.jpg
train,c6,1,Right,M,27,21,08954.jpg,08974.jpg
train,c6,1,Right,M,28,23,08994.jpg,081016.jpg
train,c6,1,Right,F,29,7,081027.jpg,081039.jpg
train,c6,1,Right,M,30,25,081052.jpg,081076.jpg
train,c6,1,Right,M,31,30,081080.jpg,081109.jpg
train,c6,1,Right,M,32,45,081122.jpg,081169.jpg
train,c6,1,Right,M,33,25,081174.jpg,081198.jpg
train,c6,2,Left,M,44,20,1817180.jpg,1817724.jpg
train,c6,2,Left,M,35,20,1827184.jpg,1827959.jpg
train,c6,2,Left,F,36,20,1837373.jpg,1838049.jpg
train,c6,2,Left,F,37,20,1847162.jpg,1847993.jpg
train,c6,2,Left,M,42,20,1857224.jpg,1858032.jpg
train,c6,2,Left,M,38,20,1887161.jpg,1887901.jpg
train,c6,2,Left,F,39,20,18014085.jpg,18015571.jpg
train,c6,2,Left,M,40,20,18107141.jpg,18107932.jpg
train,c6,2,Left,F,43,20,18117167.jpg,18117953.jpg
train,c6,2,Left,F,41,20,18127219.jpg,18127817.jpg
train,c7,1,Right,F,4,47,09188.jpg,09261.jpg
train,c7,1,Right,M,8,30,09262.jpg,09336.jpg
train,c7,1,Right,F,9,22,09392.jpg,09419.jpg
train,c7,1,Right,M,10,35,09450.jpg,09484.jpg
train,c7,1,Right,M,11,20,09489.jpg,09508.jpg
train,c7,1,Right,M,12,172,09514.jpg,09722.jpg
train,c7,1,Right,F,14,29,09772.jpg,09847.jpg
train,c7,1,Right,M,15,101,09866.jpg,09974.jpg
train,c7,1,Right,M,16,99,09979.jpg,091087.jpg
train,c7,1,Right,F,17,33,091088.jpg,091157.jpg
train,c7,1,Right,M,18,31,091191.jpg,091235.jpg
train,c7,1,Right,F,19,85,091236.jpg,091350.jpg
train,c7,1,Right,M,20,21,091353.jpg,091377.jpg
train,c7,1,Right,M,21,21,091393.jpg,091440.jpg
train,c7,1,Right,M,22,32,091444.jpg,091509.jpg
train,c7,1,Right,M,23,8,091550.jpg,091557.jpg
train,c7,1,Right,F,24,46,091573.jpg,091668.jpg
train,c7,1,Right,F,25,22,091672.jpg,091703.jpg
train,c7,1,Right,F,26,35,091733.jpg,091782.jpg
train,c7,1,Right,M,34,199,091788.jpg,092079.jpg
train,c7,1,Right,M,27,90,092080.jpg,092212.jpg
train,c7,1,Right,M,28,19,092214.jpg,092239.jpg
train,c7,1,Right,F,29,25,092257.jpg,092301.jpg
train,c7,1,Right,M,30,43,092349.jpg,092391.jpg
train,c7,1,Right,M,31,33,092398.jpg,092437.jpg
train,c7,1,Right,M,32,12,092458.jpg,092492.jpg
train,c7,1,Right,M,33,69,092501.jpg,092569.jpg
train,c7,2,Left,M,44,20,1918074.jpg,1918843.jpg
train,c7,2,Left,M,35,20,1928065.jpg,1928817.jpg
train,c7,2,Left,F,36,20,1938099.jpg,1938947.jpg
train,c7,2,Left,F,37,20,1948078.jpg,1948931.jpg
train,c7,2,Left,M,42,20,1958063.jpg,1958835.jpg
train,c7,2,Left,M,38,20,1988061.jpg,1988613.jpg
train,c7,2,Left,F,39,20,19016032.jpg,19017339.jpg
train,c7,2,Left,M,40,20,19107934.jpg,19108682.jpg
train,c7,2,Left,F,43,20,19118071.jpg,19118933.jpg
train,c7,2,Left,F,41,20,19128106.jpg,19128933.jpg